"","ID","Description","setSize","enrichmentScore","NES","pvalue","p.adjust","qvalue","rank","leading_edge","core_enrichment","GO","region","methDiff_combined","Gene_IDs_list","MethDiff_list"
"1","GO:0006310","DNA integration ",20,0.787203487626025,1.94649858768679,0.000305517178623482,0.00183310307174089,0.000321597030129981,848,"tags=12%, list=7%, signal=12%","evm.utg1101.47/evm.utg1101.47/evm.utg1101.47/evm.utg1101.47/evm.utg1101.47/evm.utg24075.5/evm.utg888.71/evm.utg5414.44/evm.utg1101.47/evm.utg1101.47/evm.utg1101.47/evm.utg1101.47/evm.utg1101.47/evm.utg24075.5/evm.utg10069.5/evm.utg2291.41/evm.utg2291.41/evm.utg24075.5/evm.utg2291.41/evm.utg2291.41/evm.utg1910.100/evm.utg24075.5/evm.utg1910.108/evm.utg1910.100","biological_processes","dispersed_repeat","7.490829159/7.490829159/7.490829159/7.490829159/7.490829159/1.507174149/0.156862745/3.839086958/7.490829159/7.490829159/7.490829159/7.490829159/7.490829159/1.507174149/0.558659218/2.030456853/2.030456853/1.507174149/2.030456853/2.030456853/-0.222115093/1.507174149/-1.254222199/-0.222115093",