"ID","Description","setSize","enrichmentScore","NES","pvalue","p.adjust","qvalue","rank","leading_edge","core_enrichment","GO","region","methDiff_combined","Gene_IDs_list","MethDiff_list","exp"
"GO:0006310","DNA integration ",21,0.806883719132148,1.98131303066753,4.99996645486489e-05,0.000149998993645947,5.2631225840683e-05,953,"tags=15%, list=11%, signal=13%","evm.utg10069.5/evm.utg10069.5/evm.utg1910.100/evm.utg67002.5/evm.utg67002.5/evm.utg67002.5/evm.utg67002.5/evm.utg67002.5/evm.utg67002.5/evm.utg67002.5/evm.utg67002.5/evm.utg16835.2/evm.utg16835.2/evm.utg888.71/evm.utg10868.12/evm.utg4062.3/evm.utg24075.5/evm.utg1101.47/evm.utg1101.47/evm.utg1101.47/evm.utg1101.47/evm.utg1101.47","biological_processes","dispersed_repeat","-1.006059626/-1.006059626/-1.031566074/0.026273976/0.026273976/0.026273976/0.026273976/0.026273976/0.026273976/0.026273976/0.026273976/-1.395845978/-1.395845978/4.916587549/-2.496703297/-2.884615385/-3.916628493/-4.218420548/-4.218420548/-4.218420548/-4.218420548/-4.218420548",