"ID","Description","GeneRatio","BgRatio","RichFactor","FoldEnrichment","zScore","pvalue","p.adjust","qvalue","geneID","Count","context","GO","region","experiment"
"GO:0071705","nitrogen compound transport ",0.5,0.000563983982854887,0.1,886.55,29.7506336604848,0.00112768167942456,0.00225536335884913,NA,"evm.utg2353.42",1,"CpG","Biological Processes","downstream_region","Primed Experiment"
"GO:0015074","DNA integration ",0.5,0.0138176075799447,0.00408163265306122,36.1857142857143,5.89021873318441,0.0274450574470015,0.0274450574470015,NA,"evm.utg3839.77",1,"CpG","Biological Processes","downstream_region","Primed Experiment"
"GO:0035368","selenocysteine insertion sequence binding ",0.333333333333333,0.000154942671211652,0.5,2151.33333333333,65.5756557570721,2.70036014790799e-07,2.70036014790799e-07,NA,"evm.utg2661.19",2,"CHH","Molecular Functions","downstream_region","Primed Experiment"
"GO:0035368","selenocysteine insertion sequence binding ",0.333333333333333,0.000154942671211652,0.5,2151.33333333333,65.5756557570721,2.70036014790799e-07,2.70036014790799e-07,NA,"evm.utg2661.19",2,"CHH","Molecular Functions","downstream_region","Primed Experiment"
"GO:0035368","selenocysteine insertion sequence binding ",0.333333333333333,0.000154942671211652,0.5,2151.33333333333,65.5756557570721,2.70036014790799e-07,2.70036014790799e-07,NA,"evm.utg2661.20",2,"CHH","Molecular Functions","downstream_region","Primed Experiment"
"GO:0035368","selenocysteine insertion sequence binding ",0.333333333333333,0.000154942671211652,0.5,2151.33333333333,65.5756557570721,2.70036014790799e-07,2.70036014790799e-07,NA,"evm.utg2661.20",2,"CHH","Molecular Functions","downstream_region","Primed Experiment"
