"ID","Description","GeneRatio","BgRatio","RichFactor","FoldEnrichment","zScore","pvalue","p.adjust","qvalue","geneID","Count","context","GO","region","experiment"
"GO:0007154","cell communication ",0.714285714285714,0.00439907506626812,0.0641025641025641,162.371794871795,28.3849535176554,3.01650513035902e-11,6.03301026071805e-11,3.17526855827266e-11,"evm.utg268.25.1.5c22edff",5,"CHH","Biological Processes","exon","Primed Experiment"
"GO:0007154","cell communication ",0.714285714285714,0.00439907506626812,0.0641025641025641,162.371794871795,28.3849535176554,3.01650513035902e-11,6.03301026071805e-11,3.17526855827266e-11,"evm.utg268.25",5,"CHH","Biological Processes","exon","Primed Experiment"
"GO:0007154","cell communication ",0.714285714285714,0.00439907506626812,0.0641025641025641,162.371794871795,28.3849535176554,3.01650513035902e-11,6.03301026071805e-11,3.17526855827266e-11,"evm.utg268.25.2.5c22edff",5,"CHH","Biological Processes","exon","Primed Experiment"
"GO:0007154","cell communication ",0.714285714285714,0.00439907506626812,0.0641025641025641,162.371794871795,28.3849535176554,3.01650513035902e-11,6.03301026071805e-11,3.17526855827266e-11,"evm.utg268.25.3.5c22edff",5,"CHH","Biological Processes","exon","Primed Experiment"
"GO:0007154","cell communication ",0.714285714285714,0.00439907506626812,0.0641025641025641,162.371794871795,28.3849535176554,3.01650513035902e-11,6.03301026071805e-11,3.17526855827266e-11,"evm.utg268.25.3.5c22edff.1.5c2792b6",5,"CHH","Biological Processes","exon","Primed Experiment"
"GO:0006310","DNA integration ",0.142857142857143,0.0254356776267554,0.00221729490022173,5.61640798226164,1.97352713586263,0.165050651092019,0.165050651092019,0.0868687637326418,"evm.utg4977.3",1,"CHH","Biological Processes","exon","Primed Experiment"
"GO:0003964","RNA-directed DNA polymerase activity ",0.25,0.00460954446854664,0.00840336134453781,54.2352941176471,7.2458136145498,0.0183121384651463,0.0366242769302927,NA,"evm.utg1143.29",1,"CHH","Molecular Functions","exon","Primed Experiment"
"GO:0046983","protein dimerization activity ",0.25,0.00999380229315153,0.00387596899224806,25.015503875969,4.82606709382396,0.039382189216652,0.039382189216652,NA,"evm.utg1724.20",1,"CHH","Molecular Functions","exon","Primed Experiment"
