"ID","Description","GeneRatio","BgRatio","RichFactor","FoldEnrichment","zScore","pvalue","p.adjust","qvalue","geneID","Count","context","GO","region","experiment"
"GO:0006659","phosphatidylserine biosynthetic process ",0.25,0.000225593593141955,0.25,1108.1875,33.2659774234274,0.000902145360763384,0.00360858144305354,0.000949626695540405,"utg5417.equina_smart_1738001.mrna6",1,"CHH","Biological Processes","promoter","Primed Experiment"
"GO:0071705","nitrogen compound transport ",0.25,0.000563983982854887,0.1,443.275,21.0143044295986,0.00225421873038723,0.00450843746077445,0.00118643091073012,"evm.utg2353.44",1,"CpG","Biological Processes","promoter","Primed Experiment"
"GO:0005975","carbohydrate metabolic process ",0.25,0.00874175173425075,0.00645161290322581,28.5983870967742,5.183895880185,0.0345140454734776,0.0460187272979701,0.0121101913942027,"evm.utg4428.1",1,"CHG","Biological Processes","promoter","Primed Experiment"
"GO:0015074","DNA integration ",0.25,0.0138176075799447,0.00408163265306122,18.0928571428571,4.0468695870992,0.054139873941482,0.054139873941482,0.0142473352477584,"evm.utg1253.19",1,"CHH","Biological Processes","promoter","Primed Experiment"
"GO:0043531","ADP binding ",0.333333333333333,0.00344747443445925,0.0224719101123595,96.689138576779,13.7873487959552,0.000174701559166327,0.000524104677498982,NA,"evm.utg33757.21",2,"CHH","Molecular Functions","promoter","Primed Experiment"
"GO:0043531","ADP binding ",0.333333333333333,0.00344747443445925,0.0224719101123595,96.689138576779,13.7873487959552,0.000174701559166327,0.000524104677498982,NA,"evm.utg33757.22",2,"CHH","Molecular Functions","promoter","Primed Experiment"
"GO:0106245","L-serine-phosphatidylethanolamine phosphatidyltransferase activity ",0.166666666666667,0.000154942671211652,0.25,1075.66666666667,32.7725800900326,0.000929385963355456,0.00139407894503318,NA,"utg5417.equina_smart_1738001.mrna6",1,"CHH","Molecular Functions","promoter","Primed Experiment"
"GO:0030247","beta-N-acetylhexosaminidase activity ",0.166666666666667,0.000619770684846607,0.0625,268.916666666667,16.3443463648683,0.00371322617749015,0.00371322617749015,NA,"evm.utg4428.1",1,"CHG","Molecular Functions","promoter","Primed Experiment"
